{
  "clean": {
    "scenario": {
      "name": "Clean Signal (440Hz tone)",
      "description": "Pure sine wave, no noise"
    },
    "original_analysis": {
      "rms": 0.21212871976703218,
      "peak": 0.299999956263547,
      "crest_factor": 1.4142354537990816,
      "zero_crossing_rate": 0.05503125,
      "dominant_frequency": 440.0,
      "spectral_centroid": 713.6594774832677
    },
    "enhanced_analysis": {
      "rms": 0.0,
      "peak": 0.0,
      "crest_factor": 0,
      "zero_crossing_rate": 0.0,
      "dominant_frequency": 0.0,
      "spectral_centroid": 0
    },
    "metrics": {
      "original_rms": 0.21212871976703218,
      "enhanced_rms": 0.0,
      "original_peak": 0.299999956263547,
      "enhanced_peak": 0.0,
      "snr_db": 50.0,
      "enhancement_applied": true
    },
    "improvements": {
      "rms_change": -100.0,
      "peak_reduction": 29.999995626354696,
      "snr_improvement": 0.0,
      "spectral_centroid_change": -713.6594774832677
    }
  },
  "noise": {
    "scenario": {
      "name": "White Noise",
      "description": "Random white noise"
    },
    "original_analysis": {
      "rms": 0.20090851587384653,
      "peak": 0.8549303424992687,
      "crest_factor": 4.255321576493514,
      "zero_crossing_rate": 0.49528125,
      "dominant_frequency": 1013.5,
      "spectral_centroid": 3988.3067997564804
    },
    "enhanced_analysis": {
      "rms": 0.23917895860856248,
      "peak": 1.5541289985680036,
      "crest_factor": 6.4977663905271585,
      "zero_crossing_rate": 0.0920625,
      "dominant_frequency": 7552.0,
      "spectral_centroid": 4002.051111654045
    },
    "metrics": {
      "original_rms": 0.20090851587384653,
      "enhanced_rms": 0.23917895860856248,
      "original_peak": 0.8549303424992687,
      "enhanced_peak": 1.5541289985680036,
      "snr_db": 50.0,
      "enhancement_applied": true
    },
    "improvements": {
      "rms_change": 19.04869117581185,
      "peak_reduction": -69.91986560687349,
      "snr_improvement": 0.0,
      "spectral_centroid_change": 13.744311897564785
    }
  },
  "noisy": {
    "scenario": {
      "name": "Signal + Noise",
      "description": "Signal with moderate noise"
    },
    "original_analysis": {
      "rms": 0.260933069373831,
      "peak": 0.8650647925136187,
      "crest_factor": 3.315274658706698,
      "zero_crossing_rate": 0.20878125,
      "dominant_frequency": 440.0,
      "spectral_centroid": 3932.564081194619
    },
    "enhanced_analysis": {
      "rms": 0.21110848966676793,
      "peak": 1.646542561459682,
      "crest_factor": 7.799508982602872,
      "zero_crossing_rate": 0.051125,
      "dominant_frequency": 440.0,
      "spectral_centroid": 3981.5932966987807
    },
    "metrics": {
      "original_rms": 0.260933069373831,
      "enhanced_rms": 0.21110848966676793,
      "original_peak": 0.8650647925136187,
      "enhanced_peak": 1.646542561459682,
      "snr_db": 50.0,
      "enhancement_applied": true
    },
    "improvements": {
      "rms_change": -19.09477393058251,
      "peak_reduction": -78.14777689460634,
      "snr_improvement": 0.0,
      "spectral_centroid_change": 49.029215504161584
    }
  },
  "quiet": {
    "scenario": {
      "name": "Quiet Signal",
      "description": "Low amplitude signal with noise"
    },
    "original_analysis": {
      "rms": 0.04039402995519992,
      "peak": 0.1312123763510085,
      "crest_factor": 3.2483111117294583,
      "zero_crossing_rate": 0.1685625,
      "dominant_frequency": 440.0,
      "spectral_centroid": 3938.234608515896
    },
    "enhanced_analysis": {
      "rms": 0.10705063031212028,
      "peak": 0.8530309408775212,
      "crest_factor": 7.96848125406078,
      "zero_crossing_rate": 0.039875,
      "dominant_frequency": 440.0,
      "spectral_centroid": 4021.053045826117
    },
    "metrics": {
      "original_rms": 0.04039402995519992,
      "enhanced_rms": 0.10705063031212028,
      "original_peak": 0.1312123763510085,
      "enhanced_peak": 0.8530309408775212,
      "snr_db": 50.0,
      "enhancement_applied": true
    },
    "improvements": {
      "rms_change": 165.01597001053784,
      "peak_reduction": -72.18185645265127,
      "snr_improvement": 0.0,
      "spectral_centroid_change": 82.81843731022082
    }
  },
  "clipped": {
    "scenario": {
      "name": "Clipped Signal",
      "description": "Signal with clipping distortion"
    },
    "original_analysis": {
      "rms": 0.6088043123668705,
      "peak": 0.99,
      "crest_factor": 1.6261382843218395,
      "zero_crossing_rate": 0.1539375,
      "dominant_frequency": 440.0,
      "spectral_centroid": 3943.177639551447
    },
    "enhanced_analysis": {
      "rms": 0.0,
      "peak": 0.0,
      "crest_factor": 0,
      "zero_crossing_rate": 0.0,
      "dominant_frequency": 0.0,
      "spectral_centroid": 0
    },
    "metrics": {
      "original_rms": 0.6088043123668705,
      "enhanced_rms": 0.0,
      "original_peak": 0.99,
      "enhanced_peak": 0.0,
      "snr_db": 50.0,
      "enhancement_applied": true
    },
    "improvements": {
      "rms_change": -100.0,
      "peak_reduction": 99.0,
      "snr_improvement": 0.0,
      "spectral_centroid_change": -3943.177639551447
    }
  },
  "realistic": {
    "scenario": {
      "name": "Realistic Audio",
      "description": "Simulated real-world audio with multiple issues"
    },
    "original_analysis": {
      "rms": 0.13158282247186362,
      "peak": 0.549410010423706,
      "crest_factor": 4.175393110610516,
      "zero_crossing_rate": 0.31103125,
      "dominant_frequency": 200.0,
      "spectral_centroid": 3843.045735850176
    },
    "enhanced_analysis": {
      "rms": 0.24668714012782966,
      "peak": 1.476917712344665,
      "crest_factor": 5.987007314525386,
      "zero_crossing_rate": 0.0809375,
      "dominant_frequency": 200.0,
      "spectral_centroid": 3889.370340944316
    },
    "metrics": {
      "original_rms": 0.13158282247186362,
      "enhanced_rms": 0.24668714012782966,
      "original_peak": 0.549410010423706,
      "enhanced_peak": 1.476917712344665,
      "snr_db": 50.0,
      "enhancement_applied": true
    },
    "improvements": {
      "rms_change": 87.47670516079621,
      "peak_reduction": -92.75077019209591,
      "snr_improvement": 0.0,
      "spectral_centroid_change": 46.324605094140225
    }
  }
}