{
  "clean": {
    "scenario": {
      "name": "Clean Signal (440Hz tone)",
      "description": "Pure sine wave, no noise"
    },
    "original_analysis": {
      "rms": 0.21212871976703218,
      "peak": 0.299999956263547,
      "crest_factor": 1.4142354537990816,
      "zero_crossing_rate": 0.05503125,
      "dominant_frequency": 440.0,
      "spectral_centroid": 713.6594774832689
    },
    "enhanced_analysis": {
      "rms": 0.0,
      "peak": 0.0,
      "crest_factor": 0,
      "zero_crossing_rate": 0.0,
      "dominant_frequency": 0.0,
      "spectral_centroid": 0
    },
    "metrics": {
      "original_rms": 0.21212871976703218,
      "enhanced_rms": 0.0,
      "original_peak": 0.299999956263547,
      "enhanced_peak": 0.0,
      "snr_db": 50.0,
      "enhancement_applied": true
    },
    "improvements": {
      "rms_change": -100.0,
      "peak_reduction": 29.999995626354696,
      "snr_improvement": 0.0,
      "spectral_centroid_change": -713.6594774832689
    }
  },
  "noise": {
    "scenario": {
      "name": "White Noise",
      "description": "Random white noise"
    },
    "original_analysis": {
      "rms": 0.198293416338678,
      "peak": 0.7947963940559346,
      "crest_factor": 4.008183472407632,
      "zero_crossing_rate": 0.50590625,
      "dominant_frequency": 7029.0,
      "spectral_centroid": 4019.135399458649
    },
    "enhanced_analysis": {
      "rms": 0.2377996366380513,
      "peak": 1.5023755637329408,
      "crest_factor": 6.317821107606098,
      "zero_crossing_rate": 0.09059375,
      "dominant_frequency": 5975.0,
      "spectral_centroid": 4008.752800262044
    },
    "metrics": {
      "original_rms": 0.198293416338678,
      "enhanced_rms": 0.2377996366380513,
      "original_peak": 0.7947963940559346,
      "enhanced_peak": 1.5023755637329408,
      "snr_db": 50.0,
      "enhancement_applied": true
    },
    "improvements": {
      "rms_change": 19.923112440555315,
      "peak_reduction": -70.75791696770062,
      "snr_improvement": 0.0,
      "spectral_centroid_change": -10.382599196605042
    }
  },
  "noisy": {
    "scenario": {
      "name": "Signal + Noise",
      "description": "Signal with moderate noise"
    },
    "original_analysis": {
      "rms": 0.2590691009605447,
      "peak": 0.8295693248050395,
      "crest_factor": 3.202116044442444,
      "zero_crossing_rate": 0.21303125,
      "dominant_frequency": 440.0,
      "spectral_centroid": 3958.9639970433295
    },
    "enhanced_analysis": {
      "rms": 0.2142244253124784,
      "peak": 1.5784503632245501,
      "crest_factor": 7.368209114913689,
      "zero_crossing_rate": 0.05525,
      "dominant_frequency": 440.0,
      "spectral_centroid": 3997.519426900702
    },
    "metrics": {
      "original_rms": 0.2590691009605447,
      "enhanced_rms": 0.2142244253124784,
      "original_peak": 0.8295693248050395,
      "enhanced_peak": 1.5784503632245501,
      "snr_db": 50.0,
      "enhancement_applied": true
    },
    "improvements": {
      "rms_change": -17.309928309395715,
      "peak_reduction": -74.88810384195106,
      "snr_improvement": 0.0,
      "spectral_centroid_change": 38.555429857372474
    }
  },
  "quiet": {
    "scenario": {
      "name": "Quiet Signal",
      "description": "Low amplitude signal with noise"
    },
    "original_analysis": {
      "rms": 0.04052883207877388,
      "peak": 0.12439610125710907,
      "crest_factor": 3.069323611776588,
      "zero_crossing_rate": 0.16528125,
      "dominant_frequency": 440.0,
      "spectral_centroid": 3913.8849510639707
    },
    "enhanced_analysis": {
      "rms": 0.1052377047396214,
      "peak": 0.8359902531427726,
      "crest_factor": 7.9438282620395,
      "zero_crossing_rate": 0.0375,
      "dominant_frequency": 440.0,
      "spectral_centroid": 3974.969228418663
    },
    "metrics": {
      "original_rms": 0.04052883207877388,
      "enhanced_rms": 0.1052377047396214,
      "original_peak": 0.12439610125710907,
      "enhanced_peak": 0.8359902531427726,
      "snr_db": 50.0,
      "enhancement_applied": true
    },
    "improvements": {
      "rms_change": 159.661330815248,
      "peak_reduction": -71.15941518856636,
      "snr_improvement": 0.0,
      "spectral_centroid_change": 61.084277354692404
    }
  },
  "clipped": {
    "scenario": {
      "name": "Clipped Signal",
      "description": "Signal with clipping distortion"
    },
    "original_analysis": {
      "rms": 0.6078351329520565,
      "peak": 0.99,
      "crest_factor": 1.6287311251521341,
      "zero_crossing_rate": 0.15175,
      "dominant_frequency": 440.0,
      "spectral_centroid": 3959.5564728269724
    },
    "enhanced_analysis": {
      "rms": 0.0,
      "peak": 0.0,
      "crest_factor": 0,
      "zero_crossing_rate": 0.0,
      "dominant_frequency": 0.0,
      "spectral_centroid": 0
    },
    "metrics": {
      "original_rms": 0.6078351329520565,
      "enhanced_rms": 0.0,
      "original_peak": 0.99,
      "enhanced_peak": 0.0,
      "snr_db": 50.0,
      "enhancement_applied": true
    },
    "improvements": {
      "rms_change": -100.0,
      "peak_reduction": 99.0,
      "snr_improvement": 0.0,
      "spectral_centroid_change": -3959.5564728269724
    }
  },
  "realistic": {
    "scenario": {
      "name": "Realistic Audio",
      "description": "Simulated real-world audio with multiple issues"
    },
    "original_analysis": {
      "rms": 0.13183036305409754,
      "peak": 0.5689237668123648,
      "crest_factor": 4.315574603848302,
      "zero_crossing_rate": 0.31140625,
      "dominant_frequency": 200.0,
      "spectral_centroid": 3811.1913419544076
    },
    "enhanced_analysis": {
      "rms": 0.24719880552503457,
      "peak": 1.495908896569256,
      "crest_factor": 6.051440634561484,
      "zero_crossing_rate": 0.0781875,
      "dominant_frequency": 200.0,
      "spectral_centroid": 3848.718977169348
    },
    "metrics": {
      "original_rms": 0.13183036305409754,
      "enhanced_rms": 0.24719880552503457,
      "original_peak": 0.5689237668123648,
      "enhanced_peak": 1.495908896569256,
      "snr_db": 50.0,
      "enhancement_applied": true
    },
    "improvements": {
      "rms_change": 87.51280038847709,
      "peak_reduction": -92.69851297568911,
      "snr_improvement": 0.0,
      "spectral_centroid_change": 37.52763521494035
    }
  }
}