{
  "clean": {
    "scenario": {
      "name": "Clean Signal (440Hz tone)",
      "description": "Pure sine wave, no noise"
    },
    "original_analysis": {
      "rms": 0.21212871976703218,
      "peak": 0.299999956263547,
      "crest_factor": 1.4142354537990816,
      "zero_crossing_rate": 0.05503125,
      "dominant_frequency": 440.0,
      "spectral_centroid": 713.6594774832689
    },
    "enhanced_analysis": {
      "rms": 0.0,
      "peak": 0.0,
      "crest_factor": 0,
      "zero_crossing_rate": 0.0,
      "dominant_frequency": 0.0,
      "spectral_centroid": 0
    },
    "metrics": {
      "original_rms": 0.21212871976703218,
      "enhanced_rms": 0.0,
      "original_peak": 0.299999956263547,
      "enhanced_peak": 0.0,
      "snr_db": 50.0,
      "enhancement_applied": true
    },
    "improvements": {
      "rms_change": -100.0,
      "peak_reduction": 29.999995626354696,
      "snr_improvement": 0.0,
      "spectral_centroid_change": -713.6594774832689
    }
  },
  "noise": {
    "scenario": {
      "name": "White Noise",
      "description": "Random white noise"
    },
    "original_analysis": {
      "rms": 0.1995647535868711,
      "peak": 0.8155517428253853,
      "crest_factor": 4.086652217724276,
      "zero_crossing_rate": 0.4931875,
      "dominant_frequency": 3692.5,
      "spectral_centroid": 3978.1426560764708
    },
    "enhanced_analysis": {
      "rms": 0.23705064976133705,
      "peak": 1.5271808313747763,
      "crest_factor": 6.442424152443135,
      "zero_crossing_rate": 0.08890625,
      "dominant_frequency": 4354.5,
      "spectral_centroid": 4009.4916528584495
    },
    "metrics": {
      "original_rms": 0.1995647535868711,
      "enhanced_rms": 0.23705064976133705,
      "original_peak": 0.8155517428253853,
      "enhanced_peak": 1.5271808313747763,
      "snr_db": 50.0,
      "enhancement_applied": true
    },
    "improvements": {
      "rms_change": 18.7838260518024,
      "peak_reduction": -71.1629088549391,
      "snr_improvement": 0.0,
      "spectral_centroid_change": 31.348996781978713
    }
  },
  "noisy": {
    "scenario": {
      "name": "Signal + Noise",
      "description": "Signal with moderate noise"
    },
    "original_analysis": {
      "rms": 0.2599415785621177,
      "peak": 0.9019440287747226,
      "crest_factor": 3.469795150756103,
      "zero_crossing_rate": 0.2106875,
      "dominant_frequency": 440.0,
      "spectral_centroid": 3949.3155674928757
    },
    "enhanced_analysis": {
      "rms": 0.20969058591595105,
      "peak": 1.7173281243525325,
      "crest_factor": 8.189819856962382,
      "zero_crossing_rate": 0.0495,
      "dominant_frequency": 440.0,
      "spectral_centroid": 3978.1692854903
    },
    "metrics": {
      "original_rms": 0.2599415785621177,
      "enhanced_rms": 0.20969058591595105,
      "original_peak": 0.9019440287747226,
      "enhanced_peak": 1.7173281243525325,
      "snr_db": 50.0,
      "enhancement_applied": true
    },
    "improvements": {
      "rms_change": -19.3316486435656,
      "peak_reduction": -81.538409557781,
      "snr_improvement": 0.0,
      "spectral_centroid_change": 28.853717997424155
    }
  },
  "quiet": {
    "scenario": {
      "name": "Quiet Signal",
      "description": "Low amplitude signal with noise"
    },
    "original_analysis": {
      "rms": 0.04048473812496451,
      "peak": 0.1213856663128591,
      "crest_factor": 2.9983068172054654,
      "zero_crossing_rate": 0.16634375,
      "dominant_frequency": 440.0,
      "spectral_centroid": 3940.0876613958635
    },
    "enhanced_analysis": {
      "rms": 0.1017117210882203,
      "peak": 0.8284641657821477,
      "crest_factor": 8.14521823953381,
      "zero_crossing_rate": 0.0355,
      "dominant_frequency": 440.0,
      "spectral_centroid": 3991.8361427534965
    },
    "metrics": {
      "original_rms": 0.04048473812496451,
      "enhanced_rms": 0.1017117210882203,
      "original_peak": 0.1213856663128591,
      "enhanced_peak": 0.8284641657821477,
      "snr_db": 50.0,
      "enhancement_applied": true
    },
    "improvements": {
      "rms_change": 151.23472646473851,
      "peak_reduction": -70.70784994692886,
      "snr_improvement": 0.0,
      "spectral_centroid_change": 51.748481357632954
    }
  },
  "clipped": {
    "scenario": {
      "name": "Clipped Signal",
      "description": "Signal with clipping distortion"
    },
    "original_analysis": {
      "rms": 0.6088234386025965,
      "peak": 0.99,
      "crest_factor": 1.6260871990610282,
      "zero_crossing_rate": 0.15184375,
      "dominant_frequency": 440.0,
      "spectral_centroid": 3914.2530934505635
    },
    "enhanced_analysis": {
      "rms": 0.0,
      "peak": 0.0,
      "crest_factor": 0,
      "zero_crossing_rate": 0.0,
      "dominant_frequency": 0.0,
      "spectral_centroid": 0
    },
    "metrics": {
      "original_rms": 0.6088234386025965,
      "enhanced_rms": 0.0,
      "original_peak": 0.99,
      "enhanced_peak": 0.0,
      "snr_db": 50.0,
      "enhancement_applied": true
    },
    "improvements": {
      "rms_change": -100.0,
      "peak_reduction": 99.0,
      "snr_improvement": 0.0,
      "spectral_centroid_change": -3914.2530934505635
    }
  },
  "realistic": {
    "scenario": {
      "name": "Realistic Audio",
      "description": "Simulated real-world audio with multiple issues"
    },
    "original_analysis": {
      "rms": 0.13366375621462126,
      "peak": 0.6526831382796243,
      "crest_factor": 4.883022569196872,
      "zero_crossing_rate": 0.302125,
      "dominant_frequency": 200.0,
      "spectral_centroid": 3840.0627188373287
    },
    "enhanced_analysis": {
      "rms": 0.25165311340923363,
      "peak": 1.6090237705510022,
      "crest_factor": 6.393816268565045,
      "zero_crossing_rate": 0.0861875,
      "dominant_frequency": 200.0,
      "spectral_centroid": 3880.1077572436207
    },
    "metrics": {
      "original_rms": 0.13366375621462126,
      "enhanced_rms": 0.25165311340923363,
      "original_peak": 0.6526831382796243,
      "enhanced_peak": 1.6090237705510022,
      "snr_db": 50.0,
      "enhancement_applied": true
    },
    "improvements": {
      "rms_change": 88.27326160515734,
      "peak_reduction": -95.63406322713779,
      "snr_improvement": 0.0,
      "spectral_centroid_change": 40.04503840629195
    }
  }
}