{
  "clean": {
    "scenario": {
      "name": "Clean Signal (440Hz tone)",
      "description": "Pure sine wave, no noise"
    },
    "original_analysis": {
      "rms": 0.21212871976703218,
      "peak": 0.299999956263547,
      "crest_factor": 1.4142354537990816,
      "zero_crossing_rate": 0.05503125,
      "dominant_frequency": 440.0,
      "spectral_centroid": 713.6594774832677
    },
    "enhanced_analysis": {
      "rms": 0.3,
      "peak": 0.4955442365355136,
      "crest_factor": 1.6518141217850455,
      "zero_crossing_rate": 0.055,
      "dominant_frequency": 440.0,
      "spectral_centroid": 3322.922003557034
    },
    "improvements": {
      "rms_change": 41.423565997792,
      "peak_reduction": -19.554428027196664,
      "spectral_centroid_change": 2609.262526073766
    }
  },
  "noisy": {
    "scenario": {
      "name": "Signal + Noise",
      "description": "Signal with moderate noise"
    },
    "original_analysis": {
      "rms": 0.23374025270162144,
      "peak": 0.6619998712097024,
      "crest_factor": 2.8322031124642066,
      "zero_crossing_rate": 0.13503125,
      "dominant_frequency": 440.0,
      "spectral_centroid": 3923.9371644468165
    },
    "enhanced_analysis": {
      "rms": 0.2999988570931365,
      "peak": 0.95,
      "crest_factor": 3.166678730729519,
      "zero_crossing_rate": 0.13521875,
      "dominant_frequency": 440.0,
      "spectral_centroid": 4084.2316151994933
    },
    "improvements": {
      "rms_change": 28.34710907756943,
      "peak_reduction": -28.800012879029758,
      "spectral_centroid_change": 160.29445075267677
    }
  },
  "quiet": {
    "scenario": {
      "name": "Quiet Signal",
      "description": "Low amplitude signal with noise"
    },
    "original_analysis": {
      "rms": 0.040659203120356785,
      "peak": 0.13804393703831966,
      "crest_factor": 3.3951461525128956,
      "zero_crossing_rate": 0.1669375,
      "dominant_frequency": 440.0,
      "spectral_centroid": 3928.741613409117
    },
    "enhanced_analysis": {
      "rms": 0.15562650928593819,
      "peak": 0.49112902374813866,
      "crest_factor": 3.15581854275077,
      "zero_crossing_rate": 0.16725,
      "dominant_frequency": 440.0,
      "spectral_centroid": 4098.006213460296
    },
    "improvements": {
      "rms_change": 282.7583851686972,
      "peak_reduction": -35.308508670981894,
      "spectral_centroid_change": 169.26460005117906
    }
  },
  "clipped": {
    "scenario": {
      "name": "Clipped Signal",
      "description": "Signal with clipping distortion"
    },
    "original_analysis": {
      "rms": 0.5904826421302797,
      "peak": 0.99,
      "crest_factor": 1.6765945844375452,
      "zero_crossing_rate": 0.10275,
      "dominant_frequency": 440.0,
      "spectral_centroid": 3894.096235964198
    },
    "enhanced_analysis": {
      "rms": 0.3,
      "peak": 0.6554167289980989,
      "crest_factor": 2.184722429993663,
      "zero_crossing_rate": 0.1026875,
      "dominant_frequency": 440.0,
      "spectral_centroid": 4004.3821290797327
    },
    "improvements": {
      "rms_change": -49.19410350189257,
      "peak_reduction": 33.45832710019011,
      "spectral_centroid_change": 110.28589311553469
    }
  }
}